round,candidate,density_scale,hmf2_shift_km,total_score,return_distance,nose,ridge
0,1,0.9,0.0,0.8996950912464894,0.8176274386299808,1.0,1.0
0,2,0.91,0.0,0.8906200990362694,0.8019045811687266,1.0,0.9978628969673484
0,3,0.92,0.0,0.8814094945129933,0.7873915135898626,1.0,0.9917208101928445
0,4,0.93,0.0,0.8548014015395189,0.7706147267873764,0.9375000000000007,0.9829415090323079
0,5,0.94,0.0,0.8233777845629173,0.745734282527753,0.8750000000000013,0.9723696458632644
0,6,0.95,0.0,0.7943251325317031,0.7258939324546121,0.812500000000001,0.9597923484083306
0,7,0.96,0.0,0.7643836532430435,0.704922581804736,0.7500000000000001,0.9458811662521929
0,8,0.97,0.0,0.7493059925757585,0.6830297932566951,0.7500000000000001,0.9306980314228808
0,9,0.98,0.0,0.7180720073209177,0.6604899383465737,0.6874999999999998,0.9146377061515111
0,10,0.99,0.0,0.6832342696855532,0.6320691639548337,0.625,0.8967311475519728
0,11,1.0,0.0,0.6504854002628733,0.6081056160310225,0.5625000000000002,0.8770115572290538
0,12,1.01,0.0,0.6181163542561368,0.5849093335616433,0.5000000000000004,0.8570811039861637
0,13,1.02,0.0,0.5980347086138821,0.5565348402540463,0.5000000000000004,0.8347027323707823
0,14,1.03,0.0,0.5669946763601976,0.5365027725579354,0.43750000000000067,0.8127157572666645
0,15,1.04,0.0,0.5314572582112338,0.5091434114879819,0.3750000000000009,0.7883919094642178
0,16,1.05,0.0,0.49565046347727715,0.48168374996703395,0.3125,0.7629970049770425
0,17,1.06,0.0,0.4653510705992876,0.4648311509261673,0.2500000000000002,0.7359696879494775
0,18,1.07,0.0,0.440432084364193,0.43049788419100793,0.2500000000000002,0.705791240295693
0,19,1.08,0.0,0.40719167476574697,0.4097630948499564,0.18750000000000044,0.6747348629913541
0,20,1.09,0.0,0.371992332441594,0.38607946209337585,0.12499999999999956,0.6419931414511868
0,21,1.1,0.0,0.3330091823066958,0.356164295735382,0.06249999999999978,0.6074690982611787
0,22,1.11,0.0,0.3138536944225008,0.3376584556950137,0.06249999999999978,0.5625827189512163
0,23,1.12,0.0,0.2719276293539723,0.30838323076118385,0.0,0.511584262176606
0,24,1.13,0.0,0.27025046392954827,0.2920412390340042,0.06249999999999978,0.47001391230423
0,25,1.14,0.0,0.2719027255524382,0.27726203099670904,0.12499999999999956,0.44079304252124174
0,26,1.15,0.0,0.24857224579065507,0.2472699610949451,0.12499999999999956,0.40661883594217674
0,27,1.16,0.0,0.2538674214437306,0.23765319467413307,0.18749999999999933,0.38141582186478784
0,28,1.17,0.0,0.26071385035002426,0.22959183871555788,0.2500000000000002,0.3596916952823368
0,29,1.18,0.0,0.26414312287577135,0.2147601593762098,0.3125000000000011,0.3395001760942784
0,30,1.19,0.0,0.2552725468708592,0.2067752425067316,0.3125000000000011,0.3171058174607827
0,31,1.2,0.0,0.260724141636368,0.1966515103246327,0.3750000000000009,0.29407905478909857
0,32,1.21,0.0,0.2695664414830843,0.18996858237988645,0.43750000000000067,0.27854360587073285
0,33,1.22,0.0,0.2831427287318799,0.19038317532698956,0.5000000000000004,0.2671599115101777
0,34,1.23,0.0,0.27910830269587894,0.18675730702724092,0.5000000000000004,0.25695891915448155
0,35,1.24,0.0,0.29390932664949354,0.18856501573666026,0.5625000000000002,0.24786783997165174
0,36,1.25,0.0,0.30900173131082365,0.19054059148891045,0.625,0.2397720299596146
0,37,1.26,0.0,0.30706049769269483,0.1889251443936894,0.625,0.2345083413808284
0,38,1.27,0.0,0.3264565257590947,0.196439924733213,0.6875000000000009,0.23269783577913655
0,39,1.28,0.0,0.34436055378812563,0.20113535523194037,0.7500000000000007,0.23118054205279123
0,40,1.29,0.0,0.36268347965857634,0.20786798715583177,0.8125000000000004,0.22615543361434368
1,1,1.022627601501,0.964336779182,0.578476975765287,0.5328801444217426,0.5000000000000004,0.8019644816666422
1,2,1.045790574901,0.563465733615,0.50878223800717,0.4795398475896723,0.3750000000000009,0.7564266091642504
1,3,1.086648365184,-5.411392146827,0.490709146159888,0.5075814220656251,0.18750000000000044,0.8233218201189701
1,4,1.10170126414,-7.329315606448,0.48642651117642843,0.5217840044411521,0.12499999999999956,0.840976543668974
1,5,1.144049393217,-2.063000246577,0.30431374105602393,0.3151986523876033,0.12499999999999956,0.4985224112142109
1,6,1.162726766504,2.158134215355,0.21681107895533494,0.2002598506708969,0.18749999999999933,0.2989658054317089
1,7,1.203847068416,-7.545931121836,0.35060234507382065,0.3099316349167489,0.3125000000000011,0.5100747293480423
1,8,1.219111116404,-6.542046898277,0.35100859291425907,0.2779670902578028,0.43750000000000067,0.4437584663623366
1,9,1.012344302829,14.178054532855,0.382251339024438,0.2881569603781787,0.5625000000000002,0.415700054082198
1,10,1.038508252996,10.286229802572,0.37131443244333256,0.30674495271912916,0.43750000000000067,0.4661485422390568
1,11,1.076925190942,11.770461811058,0.23268794972614515,0.20595965742860456,0.2500000000000002,0.28455069070206285
1,12,1.108626875574,13.954989404029,0.05772718498744453,0.04687695592523803,0.06249999999999978,0.08159929614281836
1,13,1.117937152068,10.576825906948,0.11277102470243366,0.11639866405136756,0.06249999999999978,0.1656337973709078
1,14,1.153781195765,5.483947564148,0.1565450400498975,0.15528711844349263,0.12499999999999956,0.1994356245298832
1,15,1.19316428736,8.692596348794,0.15259603761910426,0.08873793445496973,0.3125000000000011,0.12832586834435322
1,16,1.222937946032,4.173223072832,0.21199694148491374,0.1252420368582896,0.43750000000000067,0.16869410606427143
1,17,1.001782212412,16.070337582922,0.37063825214454493,0.2765946624391503,0.5625000000000002,0.38943093901506065
1,18,1.028250737989,22.422829936962,0.23638881171496423,0.16097741149932143,0.43750000000000067,0.19238117695168644
1,19,1.082416745044,23.639830913319,0.20581640120782874,0.18970662489466047,0.18750000000000044,0.2730137875788267
1,20,1.095351097503,22.106249686458,0.17397301053436712,0.16981983815423787,0.12499999999999956,0.24661049774768193
1,21,1.146211059507,25.892365983354,0.31514699305463345,0.33860603532871275,0.06249999999999978,0.5664433681192074
1,22,1.173302493386,22.015642914684,0.34516161895920855,0.3188234967523999,0.2500000000000002,0.5365434787269427
1,23,1.203569710434,17.244541912433,0.3476684653732638,0.2917872787800261,0.3750000000000009,0.4671773102212462
1,24,1.209488148806,18.933998421259,0.40543997475952415,0.3421344487443557,0.43750000000000067,0.5394551397506417
1,25,1.009207013644,31.056252500625,0.34521784630356467,0.24453506962909277,0.5625000000000002,0.350492790037818
1,26,1.035476262892,34.618852479516,0.385632453527882,0.31720209980576375,0.43750000000000067,0.5089814931735588
1,27,1.073378539109,36.170102736214,0.41575427103172496,0.401666279577927,0.2500000000000002,0.661689086319325
1,28,1.092336257985,32.518650165397,0.3718753394138082,0.37186358971969036,0.18750000000000044,0.6023768253398918
1,29,1.125269881774,35.810679166518,0.44009565128009476,0.5018540547132362,0.0,0.8203796059390742
1,30,1.157860316769,38.399183496688,0.5985297865373203,0.6444012534841518,0.18749999999999933,0.9861704856051843
1,31,1.18413376162,36.621783184829,0.6257290213684565,0.6644849516703725,0.2500000000000002,0.9888114897487579
1,32,1.222177261081,34.597815373967,0.6971033087989295,0.7068158734787436,0.43750000000000067,0.9948978919281013
1,33,1.143205056356,13.500247586688,0.08162308111711418,0.08326979572999078,0.06249999999999978,0.10099846732809648
1,34,1.161987328431,-5.188094362131,0.34500344941935046,0.342519573788709,0.18749999999999933,0.5487134191778031
1,35,1.200722688912,-9.337392974253,0.3868790324198998,0.35103007343126735,0.3125000000000011,0.5784374601635122
1,36,1.106631486994,3.427236335217,0.2604532492933432,0.2732854431182965,0.06249999999999978,0.47260627789140075
1,37,1.221780533242,4.719984807104,0.20499684397125897,0.11528736139497309,0.43750000000000067,0.16106897602011794
1,38,1.148952001902,-33.114016352522,0.704329936713686,0.8917381480658222,0.06249999999999978,0.9912447763874194
1,39,1.055556043348,-8.39913358832,0.6460552491010639,0.654914930612974,0.3750000000000009,0.9605101863196399
1,40,1.130813304269,1.938079345912,0.23350102219764543,0.2507676763929887,0.06249999999999978,0.39976900090750844
2,1,1.057326586272,12.309863329857,0.26831763244513407,0.22271109003705447,0.3125,0.3385076646237707
2,2,1.098180676436,15.506812819113,0.08056273721334689,0.05626429730953346,0.12499999999999956,0.091836868465518
2,3,1.102000297311,12.368353017252,0.12577055813857926,0.11176148163223876,0.12499999999999956,0.16525871620424024
2,4,1.053761094508,16.365400576992,0.20883720171503795,0.16181651110702278,0.3125,0.208565603030877
2,5,1.149646169039,14.35208355885,0.13664653029053525,0.13017078621054018,0.12499999999999956,0.16901298937369125
2,6,1.088614611707,17.757015398338,0.11011907559293596,0.07401616864860601,0.18750000000000044,0.11267591418101269
2,7,1.172133670686,11.10832964665,0.1275845411551913,0.095699466423732,0.18749999999999933,0.14037417311069425
2,8,1.11573713054,15.181981518525,0.06343043111365845,0.05893790322970328,0.06249999999999978,0.07694792168660852
2,9,1.095140548122,17.035397741177,0.07719050929717089,0.07041320627792158,0.06249999999999978,0.11419122922157035
2,10,1.129519635078,24.051426359942,0.24405617869795204,0.2624730536874884,0.06249999999999978,0.42035499584916725
2,11,1.071815204483,16.5845789716,0.13830343436711795,0.08898102768485593,0.2500000000000002,0.1343193457022357
2,12,1.146347403868,15.107548907064,0.1301602711358333,0.1413199390283286,0.06249999999999978,0.1840465233512632
2,13,1.151422177197,13.117661458521,0.11291328438345141,0.10159778365004767,0.12499999999999956,0.1289225168796265
2,14,1.088349558435,13.597569584082,0.14861458640961603,0.12122500190591487,0.18750000000000044,0.17532917680681367
2,15,1.119344323392,11.381797177758,0.09215153657924294,0.09272603930798708,0.06249999999999978,0.12763607479925043
2,16,1.110774080601,6.97770670811,0.1959885705124342,0.2072460264391575,0.06249999999999978,0.3318912798544882
2,17,1.127211418295,14.508220670953,0.04446994934315214,0.0546132844478477,0.0,0.07216321448417953
2,18,1.063508715504,15.060529507695,0.21449253467368173,0.16966995923193368,0.3125,0.21524528548059102
2,19,1.128330740597,11.859027372871,0.04072473674945625,0.05105358412377222,0.0,0.06322632740690763
2,20,1.095858531974,16.873745337359,0.07577490806865969,0.06882822181910284,0.06249999999999978,0.11147193034076591
2,21,1.130815762976,12.490712468418,0.015582846710211984,0.018868864516678966,0.0,0.02602485613019275
2,22,1.162227557671,13.337706038273,0.1520355403377707,0.12384756926639469,0.18749999999999933,0.1852218862062689
2,23,1.083294390316,19.883874925319,0.13218274768666838,0.10131886902080049,0.18750000000000044,0.14791184862613999
2,24,1.112400349217,14.739021942776,0.05775249937767914,0.049815458647683594,0.06249999999999978,0.0736449856072661
2,25,1.114901043791,16.202321884445,0.07733864140362229,0.07638809631459029,0.06249999999999978,0.09850094215298842
2,26,1.09707781264,24.626864132772,0.22023806579986105,0.2172303828269273,0.12499999999999956,0.3475567762252556
2,27,1.085531900799,13.282002873674,0.16146932069007147,0.1360736301885446,0.18750000000000044,0.19876912043185904
2,28,1.099583814254,20.23498857583,0.13332730167699838,0.1444590210372852,0.06249999999999978,0.1912492005324579
2,29,1.163720683736,6.283509094282,0.1364368123189682,0.1076229425702219,0.18749999999999933,0.15184596952673154
2,30,1.112320254471,17.192247702098,0.09322027406581072,0.09625167328813343,0.06249999999999978,0.12328426878668688
2,31,1.097156114113,7.143589304339,0.24302288206599768,0.2478971206193713,0.12499999999999956,0.3771473286267178
2,32,1.110524640022,12.43847009697,0.08618196219603122,0.08108697639623347,0.06249999999999978,0.1297956258905143
2,33,1.078057194369,12.976674722377,0.1992113020114925,0.16279841354446123,0.2500000000000002,0.23586087281019386
2,34,1.113511920378,11.624097387967,0.09831208992316401,0.09696972418012302,0.06249999999999978,0.14676870812048198
2,35,1.122774260553,12.352192478706,0.06096784635835852,0.05735199446988101,0.06249999999999978,0.06899624699962008
2,36,1.13676463137,8.416996107283,0.09084067851784297,0.11343521623613684,0.0,0.14225654793983855
2,37,1.108804206884,11.571277713024,0.10918739683882217,0.10769019886749916,0.06249999999999978,0.17166393730848845
2,38,1.131629262821,13.738397189706,0.04805074709580882,0.040576748584038,0.06249999999999978,0.05054267687293984
2,39,1.09436053134,13.293178136903,0.14006154697352374,0.11157110059630379,0.18750000000000044,0.1591122082277826
2,40,1.097707784457,31.586913096527,0.362004320499541,0.359005581873314,0.18750000000000044,0.588381252346091
3,1,1.127644957268,11.671985522412,0.047945698074277995,0.05979011566310051,0.0,0.07530567229786353
3,2,1.140482328177,11.575925537763,0.025500503002651963,0.012696745079076352,0.06249999999999978,0.014461466045800111
3,3,1.126393457012,13.797558521131,0.04839509934097569,0.04092984576405218,0.06249999999999978,0.051293420853735235
3,4,1.126446891472,11.043104920494,0.06793474925261071,0.08438528347733766,0.0,0.10761421670037497
3,5,1.112217978065,13.937332772162,0.05431948887378034,0.04456820784456902,0.06249999999999978,0.07090987279633718
3,6,1.130521791656,12.053447707148,0.026493430288005652,0.03264302173109854,0.0,0.042698841679507264
3,7,1.123940690072,10.325030089837,0.1066769264154625,0.11303049447675129,0.06249999999999978,0.14442577226624673
3,8,1.138748708777,11.866293672409,0.02178684531770986,0.008282350927353778,0.06249999999999978,0.008032761538326688
3,9,1.131544009801,12.952151484502,0.016279446667663774,0.019582710299940877,0.0,0.027544780013481453
3,10,1.127291581027,10.698672480276,0.07288429394222695,0.0904591213145511,0.0,0.11565888609611925
3,11,1.115403197924,14.365282861613,0.05481813869824938,0.047342098180988036,0.06249999999999978,0.06577492349353006
3,12,1.128905072591,11.141006926447,0.057078544045864515,0.07136210404033438,0.0,0.08914693411840297
3,13,1.109168497742,12.882867730236,0.07926209306990536,0.07226463488116658,0.06249999999999978,0.11945771942631896
3,14,1.12803148217,12.294457150371,0.029489991783404952,0.03652868303334372,0.0,0.046996080575329516
3,15,1.128215176001,12.096303331226,0.034924373390026645,0.04380784032886478,0.0,0.05415030604575506
3,16,1.134450693134,13.121056060012,0.03972179799640407,0.03131127983644607,0.06249999999999978,0.03437797043179392
3,17,1.137751327256,11.146965065361,0.036260235496919896,0.02616723581906001,0.06249999999999978,0.03121627898218471
3,18,1.123198780745,12.432189306197,0.057435761346347015,0.052648233101412895,0.06249999999999978,0.06427116570284985
3,19,1.132605480253,13.059838441673,0.017783227086685786,0.021459935301029246,0.0,0.029901313355598494
3,20,1.129374590075,12.861751909243,0.019472511692789626,0.023862722495887015,0.0,0.03174007160025884
3,21,1.1023732438,12.517493663039,0.12125503017656589,0.10611105622664067,0.12499999999999956,0.15821974625956808
3,22,1.122146632293,11.536426097316,0.08287636845155202,0.08358855889902088,0.06249999999999978,0.10638830528545298
3,23,1.123294168977,11.969195044886,0.0693994328221165,0.06780851359030034,0.06249999999999978,0.0823987517372568
3,24,1.129181979569,12.883846018985,0.019567007846011324,0.024005068763968254,0.0,0.031821100129143916
3,25,1.136385068706,12.046629466311,0.0026522973597239556,0.0031571377415228934,0.0,0.00457935800943182
3,26,1.139394276615,11.048534026326,0.03549812679929497,0.025042169572296602,0.06249999999999978,0.030499667672659457
3,27,1.13003096986,12.99603935427,0.018927047489267664,0.022745117366948467,0.0,0.03208616468723002
3,28,1.12136940939,12.941244014385,0.05081136378576561,0.044230360887249756,0.06249999999999978,0.0542983264888915
3,29,1.11632152394,15.670722294932,0.06932912963100726,0.06651746596342328,0.06249999999999978,0.08559761675562258
3,30,1.126086696282,12.664657946216,0.02811486787563816,0.0347092100436981,0.0,0.04512401175802103
3,31,1.135340783199,14.426281301702,0.07458866520072534,0.0740284093428989,0.06249999999999978,0.09124020031065502
3,32,1.119889529944,12.881798618,0.05655301098416514,0.050896431089671616,0.06249999999999978,0.06467486942422901
3,33,1.110776109418,9.778203646267,0.14481469419279724,0.15099127648726507,0.06249999999999978,0.2307224606240075
3,34,1.129598511569,13.994110097014,0.05239034075756961,0.045662806832534375,0.06249999999999978,0.058253984998378826
3,35,1.182102010971,11.892474270708,0.1876383550839532,0.15256120984852242,0.2500000000000002,0.20614844833632912
3,36,1.153917233214,9.657648018794,0.07220938366809583,0.05107971575333923,0.12499999999999956,0.06432770001879683
3,37,1.123564591341,15.364105339185,0.05779819000376167,0.071018012892791,0.0,0.09369141456363311
3,38,1.120788611443,16.567311591974,0.07732179510115408,0.09542502632326928,0.0,0.1241901531167799
3,39,1.120313595164,16.41213541344,0.07462141940316919,0.09202293030872123,0.0,0.12004403866686256
3,40,1.133159244157,15.864911361437,0.10539517311240285,0.11236613819929817,0.06249999999999978,0.1398439855139445
